Tu Hoang Thong 1,tuhoangthong1@gmail.com,0123456789,HCM City,2000/01/01,Profile description
Tu Hoang Thong 2,tuhoangthong2@gmail.com,0123456789,HCM City,2000/01/01,Profile description
Tu Hoang Thong 3,tuhoangthong3@gmail.com,0123456789,HCM City,2000/01/01,Profile description
Tu Hoang Thong 4,tuhoangthong4@gmail.com,0123456789,HCM City,2000/01/01,Profile description
Tu Hoang Thong 5,tuhoangthong5@gmail.com,0123456789,HCM City,2000/01/01,Profile description
Tu Hoang Thong 6,tuhoangthong6@gmail.com,0123456789,HCM City,2000/01/01,Profile description
Tu Hoang Thong 7,tuhoangthong7@gmail.com,0123456789,HCM City,2000/01/01,Profile description
Tu Hoang Thong 8,tuhoangthong8@gmail.com,0123456789,HCM City,2000/01/01,Profile description
Tu Hoang Thong 9,tuhoangthong9@gmail.com,0123456789,HCM City,2000/01/01,Profile description
Tu Hoang Thong 10,tuhoangthong10@gmail.com,0123456789,HCM City,2000/01/01,Profile description
